<?xml version="1.0" encoding="UTF-8"?>
<project-private xmlns="http://www.netbeans.org/ns/project-private/1">
    <editor-bookmarks xmlns="http://www.netbeans.org/ns/editor-bookmarks/2" lastBookmarkId="0"/>
    <open-files xmlns="http://www.netbeans.org/ns/projectui-open-files/2">
        <group>
            <file>file:/D:/Criptografia/veraf/src/UAO/grupoclave.java</file>
            <file>file:/D:/Criptografia/veraf/src/UAO/menu.java</file>
            <file>file:/D:/Criptografia/veraf/src/UAO/Hash_MD5.java</file>
            <file>file:/D:/Criptografia/veraf/src/UAO/principal.java</file>
            <file>file:/D:/Criptografia/veraf/src/UAO/Enc_Desc.java</file>
            <file>file:/D:/Criptografia/veraf/src/UAO/LeerMensaje.java</file>
            <file>file:/D:/Criptografia/veraf/nbproject/build-impl.xml</file>
        </group>
    </open-files>
</project-private>
